{
    "plddt": 95.38935089111328,
    "gpde": 0.31693848967552185,
    "ptm": 0.9676633477210999,
    "iptm": 0.9402982592582703,
    "chain_gpde": [
        0.3013122081756592,
        0.44507575035095215
    ],
    "chain_pair_gpde": [
        [
            0.0,
            0.5473809838294983
        ],
        [
            0.5473809838294983,
            0.0
        ]
    ],
    "chain_ptm": [
        0.9681718945503235,
        0.13363617658615112
    ],
    "chain_iptm": [
        0.9402982592582703,
        0.9402982592582703
    ],
    "chain_pair_iptm": [
        [
            0.0,
            0.9402982592582703
        ],
        [
            0.9402982592582703,
            0.0
        ]
    ],
    "chain_pair_iptm_global": [
        [
            0.0,
            0.9402982592582703
        ],
        [
            0.9402982592582703,
            0.0
        ]
    ],
    "chain_plddt": [
        0.9605335593223572,
        0.8416174650192261
    ],
    "chain_pair_plddt": [
        [
            0.0,
            0.9538934826850891
        ],
        [
            0.9538934826850891,
            0.0
        ]
    ],
    "has_clash": false,
    "disorder": 0.0,
    "ranking_score": 0.945771336555481,
    "num_recycles": 10
}