{
    "plddt": 95.39856719970703,
    "gpde": 0.3168658912181854,
    "ptm": 0.9675753116607666,
    "iptm": 0.9401268362998962,
    "chain_gpde": [
        0.3013319671154022,
        0.44461098313331604
    ],
    "chain_pair_gpde": [
        [
            0.0,
            0.5457587838172913
        ],
        [
            0.5457587838172913,
            0.0
        ]
    ],
    "chain_ptm": [
        0.9680368304252625,
        0.13376712799072266
    ],
    "chain_iptm": [
        0.9401268362998962,
        0.9401268362998962
    ],
    "chain_pair_iptm": [
        [
            0.0,
            0.9401268362998962
        ],
        [
            0.9401268362998962,
            0.0
        ]
    ],
    "chain_pair_iptm_global": [
        [
            0.0,
            0.9401268362998962
        ],
        [
            0.9401268362998962,
            0.0
        ]
    ],
    "chain_plddt": [
        0.9605556130409241,
        0.8428956866264343
    ],
    "chain_pair_plddt": [
        [
            0.0,
            0.9539856910705566
        ],
        [
            0.9539856910705566,
            0.0
        ]
    ],
    "has_clash": false,
    "disorder": 0.0,
    "ranking_score": 0.9456165432929993,
    "num_recycles": 10
}