{
    "plddt": 95.38899993896484,
    "gpde": 0.31697410345077515,
    "ptm": 0.9676189422607422,
    "iptm": 0.939792811870575,
    "chain_gpde": [
        0.30134642124176025,
        0.44531694054603577
    ],
    "chain_pair_gpde": [
        [
            0.0,
            0.5473376512527466
        ],
        [
            0.5473376512527466,
            0.0
        ]
    ],
    "chain_ptm": [
        0.9681288599967957,
        0.13371321558952332
    ],
    "chain_iptm": [
        0.939792811870575,
        0.939792811870575
    ],
    "chain_pair_iptm": [
        [
            0.0,
            0.939792811870575
        ],
        [
            0.939792811870575,
            0.0
        ]
    ],
    "chain_pair_iptm_global": [
        [
            0.0,
            0.939792811870575
        ],
        [
            0.939792811870575,
            0.0
        ]
    ],
    "chain_plddt": [
        0.9605109691619873,
        0.8419368267059326
    ],
    "chain_pair_plddt": [
        [
            0.0,
            0.9538900256156921
        ],
        [
            0.9538900256156921,
            0.0
        ]
    ],
    "has_clash": false,
    "disorder": 0.0,
    "ranking_score": 0.9453580379486084,
    "num_recycles": 10
}