{
    "plddt": 95.4026870727539,
    "gpde": 0.31708231568336487,
    "ptm": 0.9676046967506409,
    "iptm": 0.9403362274169922,
    "chain_gpde": [
        0.30132588744163513,
        0.4473971128463745
    ],
    "chain_pair_gpde": [
        [
            0.0,
            0.5488733649253845
        ],
        [
            0.5488733649253845,
            0.0
        ]
    ],
    "chain_ptm": [
        0.968166172504425,
        0.13379696011543274
    ],
    "chain_iptm": [
        0.9403362274169922,
        0.9403362274169922
    ],
    "chain_pair_iptm": [
        [
            0.0,
            0.9403362274169922
        ],
        [
            0.9403362274169922,
            0.0
        ]
    ],
    "chain_pair_iptm_global": [
        [
            0.0,
            0.9403362274169922
        ],
        [
            0.9403362274169922,
            0.0
        ]
    ],
    "chain_plddt": [
        0.9605410099029541,
        0.8438771963119507
    ],
    "chain_pair_plddt": [
        [
            0.0,
            0.9540268778800964
        ],
        [
            0.9540268778800964,
            0.0
        ]
    ],
    "has_clash": false,
    "disorder": 0.0,
    "ranking_score": 0.9457899332046509,
    "num_recycles": 10
}