{
    "plddt": 95.39097595214844,
    "gpde": 0.3168974816799164,
    "ptm": 0.9676345586776733,
    "iptm": 0.9403636455535889,
    "chain_gpde": [
        0.30132001638412476,
        0.444637268781662
    ],
    "chain_pair_gpde": [
        [
            0.0,
            0.5466182231903076
        ],
        [
            0.5466182231903076,
            0.0
        ]
    ],
    "chain_ptm": [
        0.9681200385093689,
        0.13383200764656067
    ],
    "chain_iptm": [
        0.9403636455535889,
        0.9403636455535889
    ],
    "chain_pair_iptm": [
        [
            0.0,
            0.9403636455535889
        ],
        [
            0.9403636455535889,
            0.0
        ]
    ],
    "chain_pair_iptm_global": [
        [
            0.0,
            0.9403636455535889
        ],
        [
            0.9403636455535889,
            0.0
        ]
    ],
    "chain_plddt": [
        0.9605230689048767,
        0.8420847654342651
    ],
    "chain_pair_plddt": [
        [
            0.0,
            0.9539097547531128
        ],
        [
            0.9539097547531128,
            0.0
        ]
    ],
    "has_clash": false,
    "disorder": 0.0,
    "ranking_score": 0.9458178281784058,
    "num_recycles": 10
}