{
    "plddt": 95.9714126586914,
    "gpde": 0.31346678733825684,
    "ptm": 0.9704486131668091,
    "iptm": 0.9525442719459534,
    "chain_gpde": [
        0.3011203706264496,
        0.4286557137966156
    ],
    "chain_pair_gpde": [
        [
            0.0,
            0.49436211585998535
        ],
        [
            0.49436211585998535,
            0.0
        ]
    ],
    "chain_ptm": [
        0.9703892469406128,
        0.14627705514431
    ],
    "chain_iptm": [
        0.9525442719459534,
        0.9525442719459534
    ],
    "chain_pair_iptm": [
        [
            0.0,
            0.9525442719459534
        ],
        [
            0.9525442719459534,
            0.0
        ]
    ],
    "chain_pair_iptm_global": [
        [
            0.0,
            0.9525442719459534
        ],
        [
            0.9525442719459534,
            0.0
        ]
    ],
    "chain_plddt": [
        0.9631255865097046,
        0.9013298153877258
    ],
    "chain_pair_plddt": [
        [
            0.0,
            0.9597141146659851
        ],
        [
            0.9597141146659851,
            0.0
        ]
    ],
    "has_clash": false,
    "disorder": 0.0,
    "ranking_score": 0.9561251401901245,
    "num_recycles": 10
}