{
    "plddt": 95.97467803955078,
    "gpde": 0.3132590651512146,
    "ptm": 0.9705421924591064,
    "iptm": 0.9535629749298096,
    "chain_gpde": [
        0.301071435213089,
        0.426996111869812
    ],
    "chain_pair_gpde": [
        [
            0.0,
            0.4918123781681061
        ],
        [
            0.4918123781681061,
            0.0
        ]
    ],
    "chain_ptm": [
        0.9704549908638,
        0.14669282734394073
    ],
    "chain_iptm": [
        0.9535629749298096,
        0.9535629749298096
    ],
    "chain_pair_iptm": [
        [
            0.0,
            0.9535629749298096
        ],
        [
            0.9535629749298096,
            0.0
        ]
    ],
    "chain_pair_iptm_global": [
        [
            0.0,
            0.9535629749298096
        ],
        [
            0.9535629749298096,
            0.0
        ]
    ],
    "chain_plddt": [
        0.963100016117096,
        0.9023560285568237
    ],
    "chain_pair_plddt": [
        [
            0.0,
            0.959746778011322
        ],
        [
            0.959746778011322,
            0.0
        ]
    ],
    "has_clash": false,
    "disorder": 0.0,
    "ranking_score": 0.9569588303565979,
    "num_recycles": 10
}