{
    "plddt": 95.96340942382812,
    "gpde": 0.31342023611068726,
    "ptm": 0.9705414772033691,
    "iptm": 0.95221346616745,
    "chain_gpde": [
        0.3010295629501343,
        0.42935729026794434
    ],
    "chain_pair_gpde": [
        [
            0.0,
            0.49479466676712036
        ],
        [
            0.49479466676712036,
            0.0
        ]
    ],
    "chain_ptm": [
        0.9705175161361694,
        0.14606919884681702
    ],
    "chain_iptm": [
        0.95221346616745,
        0.95221346616745
    ],
    "chain_pair_iptm": [
        [
            0.0,
            0.95221346616745
        ],
        [
            0.95221346616745,
            0.0
        ]
    ],
    "chain_pair_iptm_global": [
        [
            0.0,
            0.95221346616745
        ],
        [
            0.95221346616745,
            0.0
        ]
    ],
    "chain_plddt": [
        0.9630540013313293,
        0.9011009335517883
    ],
    "chain_pair_plddt": [
        [
            0.0,
            0.9596340656280518
        ],
        [
            0.9596340656280518,
            0.0
        ]
    ],
    "has_clash": false,
    "disorder": 0.0,
    "ranking_score": 0.9558790922164917,
    "num_recycles": 10
}