{
    "plddt": 95.96805572509766,
    "gpde": 0.3134801685810089,
    "ptm": 0.9704641103744507,
    "iptm": 0.9526378512382507,
    "chain_gpde": [
        0.3011488914489746,
        0.42868685722351074
    ],
    "chain_pair_gpde": [
        [
            0.0,
            0.4940734803676605
        ],
        [
            0.4940734803676605,
            0.0
        ]
    ],
    "chain_ptm": [
        0.9704225659370422,
        0.14603185653686523
    ],
    "chain_iptm": [
        0.9526378512382507,
        0.9526378512382507
    ],
    "chain_pair_iptm": [
        [
            0.0,
            0.9526378512382507
        ],
        [
            0.9526378512382507,
            0.0
        ]
    ],
    "chain_pair_iptm_global": [
        [
            0.0,
            0.9526378512382507
        ],
        [
            0.9526378512382507,
            0.0
        ]
    ],
    "chain_plddt": [
        0.9630804657936096,
        0.9014924168586731
    ],
    "chain_pair_plddt": [
        [
            0.0,
            0.9596805572509766
        ],
        [
            0.9596805572509766,
            0.0
        ]
    ],
    "has_clash": false,
    "disorder": 0.0,
    "ranking_score": 0.9562031030654907,
    "num_recycles": 10
}