{
    "plddt": 95.97523498535156,
    "gpde": 0.3135108947753906,
    "ptm": 0.9703771471977234,
    "iptm": 0.9524096846580505,
    "chain_gpde": [
        0.3011183440685272,
        0.4302123188972473
    ],
    "chain_pair_gpde": [
        [
            0.0,
            0.4945366084575653
        ],
        [
            0.4945366084575653,
            0.0
        ]
    ],
    "chain_ptm": [
        0.9703896045684814,
        0.14559169113636017
    ],
    "chain_iptm": [
        0.9524096846580505,
        0.9524096846580505
    ],
    "chain_pair_iptm": [
        [
            0.0,
            0.9524096846580505
        ],
        [
            0.9524096846580505,
            0.0
        ]
    ],
    "chain_pair_iptm_global": [
        [
            0.0,
            0.9524096846580505
        ],
        [
            0.9524096846580505,
            0.0
        ]
    ],
    "chain_plddt": [
        0.9631802439689636,
        0.9010836482048035
    ],
    "chain_pair_plddt": [
        [
            0.0,
            0.9597523808479309
        ],
        [
            0.9597523808479309,
            0.0
        ]
    ],
    "has_clash": false,
    "disorder": 0.0,
    "ranking_score": 0.9560031890869141,
    "num_recycles": 10
}