{
    "plddt": 96.189453125,
    "gpde": 0.3111312687397003,
    "ptm": 0.971129298210144,
    "iptm": 0.9678152203559875,
    "chain_gpde": [
        0.30094316601753235,
        0.36212170124053955
    ],
    "chain_pair_gpde": [
        [
            0.0,
            0.4708327054977417
        ],
        [
            0.4708327054977417,
            0.0
        ]
    ],
    "chain_ptm": [
        0.9704516530036926,
        0.1759139895439148
    ],
    "chain_iptm": [
        0.9678152203559875,
        0.9678152203559875
    ],
    "chain_pair_iptm": [
        [
            0.0,
            0.9678152203559875
        ],
        [
            0.9678152203559875,
            0.0
        ]
    ],
    "chain_pair_iptm_global": [
        [
            0.0,
            0.9678152203559875
        ],
        [
            0.9678152203559875,
            0.0
        ]
    ],
    "chain_plddt": [
        0.9646271467208862,
        0.9151278734207153
    ],
    "chain_pair_plddt": [
        [
            0.0,
            0.9618945121765137
        ],
        [
            0.9618945121765137,
            0.0
        ]
    ],
    "has_clash": false,
    "disorder": 0.0,
    "ranking_score": 0.9684780240058899,
    "num_recycles": 10
}