{
    "plddt": 96.18344116210938,
    "gpde": 0.31113359332084656,
    "ptm": 0.9711889028549194,
    "iptm": 0.9678266644477844,
    "chain_gpde": [
        0.30093464255332947,
        0.36201176047325134
    ],
    "chain_pair_gpde": [
        [
            0.0,
            0.47107023000717163
        ],
        [
            0.47107023000717163,
            0.0
        ]
    ],
    "chain_ptm": [
        0.9705178737640381,
        0.17571775615215302
    ],
    "chain_iptm": [
        0.9678266644477844,
        0.9678266644477844
    ],
    "chain_pair_iptm": [
        [
            0.0,
            0.9678266644477844
        ],
        [
            0.9678266644477844,
            0.0
        ]
    ],
    "chain_pair_iptm_global": [
        [
            0.0,
            0.9678266644477844
        ],
        [
            0.9678266644477844,
            0.0
        ]
    ],
    "chain_plddt": [
        0.9645638465881348,
        0.9151202440261841
    ],
    "chain_pair_plddt": [
        [
            0.0,
            0.9618344306945801
        ],
        [
            0.9618344306945801,
            0.0
        ]
    ],
    "has_clash": false,
    "disorder": 0.0,
    "ranking_score": 0.9684991240501404,
    "num_recycles": 10
}