{
    "plddt": 96.1907958984375,
    "gpde": 0.31112346053123474,
    "ptm": 0.9711195826530457,
    "iptm": 0.9678396582603455,
    "chain_gpde": [
        0.3009161055088043,
        0.3620886206626892
    ],
    "chain_pair_gpde": [
        [
            0.0,
            0.47117477655410767
        ],
        [
            0.47117477655410767,
            0.0
        ]
    ],
    "chain_ptm": [
        0.970441997051239,
        0.17566150426864624
    ],
    "chain_iptm": [
        0.9678396582603455,
        0.9678396582603455
    ],
    "chain_pair_iptm": [
        [
            0.0,
            0.9678396582603455
        ],
        [
            0.9678396582603455,
            0.0
        ]
    ],
    "chain_pair_iptm_global": [
        [
            0.0,
            0.9678396582603455
        ],
        [
            0.9678396582603455,
            0.0
        ]
    ],
    "chain_plddt": [
        0.9646499156951904,
        0.9149791598320007
    ],
    "chain_pair_plddt": [
        [
            0.0,
            0.9619079232215881
        ],
        [
            0.9619079232215881,
            0.0
        ]
    ],
    "has_clash": false,
    "disorder": 0.0,
    "ranking_score": 0.9684956669807434,
    "num_recycles": 10
}