{
    "plddt": 96.18643188476562,
    "gpde": 0.3110503852367401,
    "ptm": 0.9712323546409607,
    "iptm": 0.9679820537567139,
    "chain_gpde": [
        0.3008776605129242,
        0.361959844827652
    ],
    "chain_pair_gpde": [
        [
            0.0,
            0.4705125689506531
        ],
        [
            0.4705125689506531,
            0.0
        ]
    ],
    "chain_ptm": [
        0.9705551862716675,
        0.17601312696933746
    ],
    "chain_iptm": [
        0.9679820537567139,
        0.9679820537567139
    ],
    "chain_pair_iptm": [
        [
            0.0,
            0.9679820537567139
        ],
        [
            0.9679820537567139,
            0.0
        ]
    ],
    "chain_pair_iptm_global": [
        [
            0.0,
            0.9679820537567139
        ],
        [
            0.9679820537567139,
            0.0
        ]
    ],
    "chain_plddt": [
        0.9645911455154419,
        0.9151946306228638
    ],
    "chain_pair_plddt": [
        [
            0.0,
            0.9618642926216125
        ],
        [
            0.9618642926216125,
            0.0
        ]
    ],
    "has_clash": false,
    "disorder": 0.0,
    "ranking_score": 0.9686321020126343,
    "num_recycles": 10
}