{
    "plddt": 96.18582916259766,
    "gpde": 0.31113430857658386,
    "ptm": 0.9711514711380005,
    "iptm": 0.9677694439888,
    "chain_gpde": [
        0.300894170999527,
        0.36218270659446716
    ],
    "chain_pair_gpde": [
        [
            0.0,
            0.4717310667037964
        ],
        [
            0.4717310667037964,
            0.0
        ]
    ],
    "chain_ptm": [
        0.9704849720001221,
        0.17579561471939087
    ],
    "chain_iptm": [
        0.9677694439888,
        0.9677694439888
    ],
    "chain_pair_iptm": [
        [
            0.0,
            0.9677694439888
        ],
        [
            0.9677694439888,
            0.0
        ]
    ],
    "chain_pair_iptm_global": [
        [
            0.0,
            0.9677694439888
        ],
        [
            0.9677694439888,
            0.0
        ]
    ],
    "chain_plddt": [
        0.9646092653274536,
        0.9147747755050659
    ],
    "chain_pair_plddt": [
        [
            0.0,
            0.9618582725524902
        ],
        [
            0.9618582725524902,
            0.0
        ]
    ],
    "has_clash": false,
    "disorder": 0.0,
    "ranking_score": 0.968445897102356,
    "num_recycles": 10
}