{
    "plddt": 96.39098358154297,
    "gpde": 0.3064113259315491,
    "ptm": 0.9723577499389648,
    "iptm": 0.9684895277023315,
    "chain_gpde": [
        0.29920482635498047,
        0.34816914796829224
    ],
    "chain_pair_gpde": [
        [
            0.0,
            0.4238271713256836
        ],
        [
            0.4238271713256836,
            0.0
        ]
    ],
    "chain_ptm": [
        0.971744954586029,
        0.16465695202350616
    ],
    "chain_iptm": [
        0.9684895277023315,
        0.9684895277023315
    ],
    "chain_pair_iptm": [
        [
            0.0,
            0.9684895277023315
        ],
        [
            0.9684895277023315,
            0.0
        ]
    ],
    "chain_pair_iptm_global": [
        [
            0.0,
            0.9684895277023315
        ],
        [
            0.9684895277023315,
            0.0
        ]
    ],
    "chain_plddt": [
        0.9651287198066711,
        0.9349648952484131
    ],
    "chain_pair_plddt": [
        [
            0.0,
            0.9639098048210144
        ],
        [
            0.9639098048210144,
            0.0
        ]
    ],
    "has_clash": false,
    "disorder": 0.0,
    "ranking_score": 0.9692631959915161,
    "num_recycles": 10
}