{
    "plddt": 96.39042663574219,
    "gpde": 0.30634984374046326,
    "ptm": 0.9723930358886719,
    "iptm": 0.9688066244125366,
    "chain_gpde": [
        0.2992153763771057,
        0.34680724143981934
    ],
    "chain_pair_gpde": [
        [
            0.0,
            0.42295417189598083
        ],
        [
            0.42295417189598083,
            0.0
        ]
    ],
    "chain_ptm": [
        0.9717325568199158,
        0.1652144491672516
    ],
    "chain_iptm": [
        0.9688066244125366,
        0.9688066244125366
    ],
    "chain_pair_iptm": [
        [
            0.0,
            0.9688066244125366
        ],
        [
            0.9688066244125366,
            0.0
        ]
    ],
    "chain_pair_iptm_global": [
        [
            0.0,
            0.9688066244125366
        ],
        [
            0.9688066244125366,
            0.0
        ]
    ],
    "chain_plddt": [
        0.9650781154632568,
        0.9360283017158508
    ],
    "chain_pair_plddt": [
        [
            0.0,
            0.9639042615890503
        ],
        [
            0.9639042615890503,
            0.0
        ]
    ],
    "has_clash": false,
    "disorder": 0.0,
    "ranking_score": 0.9695239663124084,
    "num_recycles": 10
}