{
    "plddt": 96.38800811767578,
    "gpde": 0.3063794672489166,
    "ptm": 0.9723490476608276,
    "iptm": 0.9689699411392212,
    "chain_gpde": [
        0.29923102259635925,
        0.3491738736629486
    ],
    "chain_pair_gpde": [
        [
            0.0,
            0.42228421568870544
        ],
        [
            0.42228421568870544,
            0.0
        ]
    ],
    "chain_ptm": [
        0.9717373847961426,
        0.16528435051441193
    ],
    "chain_iptm": [
        0.9689699411392212,
        0.9689699411392212
    ],
    "chain_pair_iptm": [
        [
            0.0,
            0.9689699411392212
        ],
        [
            0.9689699411392212,
            0.0
        ]
    ],
    "chain_pair_iptm_global": [
        [
            0.0,
            0.9689699411392212
        ],
        [
            0.9689699411392212,
            0.0
        ]
    ],
    "chain_plddt": [
        0.9651090502738953,
        0.9346972703933716
    ],
    "chain_pair_plddt": [
        [
            0.0,
            0.9638800621032715
        ],
        [
            0.9638800621032715,
            0.0
        ]
    ],
    "has_clash": false,
    "disorder": 0.0,
    "ranking_score": 0.9696457982063293,
    "num_recycles": 10
}