{
    "plddt": 96.38381958007812,
    "gpde": 0.3064420223236084,
    "ptm": 0.9723031520843506,
    "iptm": 0.9684000015258789,
    "chain_gpde": [
        0.299213707447052,
        0.34957611560821533
    ],
    "chain_pair_gpde": [
        [
            0.0,
            0.42369887232780457
        ],
        [
            0.42369887232780457,
            0.0
        ]
    ],
    "chain_ptm": [
        0.971680223941803,
        0.16497604548931122
    ],
    "chain_iptm": [
        0.9684000015258789,
        0.9684000015258789
    ],
    "chain_pair_iptm": [
        [
            0.0,
            0.9684000015258789
        ],
        [
            0.9684000015258789,
            0.0
        ]
    ],
    "chain_pair_iptm_global": [
        [
            0.0,
            0.9684000015258789
        ],
        [
            0.9684000015258789,
            0.0
        ]
    ],
    "chain_plddt": [
        0.9651120901107788,
        0.933588981628418
    ],
    "chain_pair_plddt": [
        [
            0.0,
            0.9638381600379944
        ],
        [
            0.9638381600379944,
            0.0
        ]
    ],
    "has_clash": false,
    "disorder": 0.0,
    "ranking_score": 0.9691806435585022,
    "num_recycles": 10
}