{
    "plddt": 96.38599395751953,
    "gpde": 0.3063870966434479,
    "ptm": 0.972355842590332,
    "iptm": 0.9687167406082153,
    "chain_gpde": [
        0.2992473542690277,
        0.34845635294914246
    ],
    "chain_pair_gpde": [
        [
            0.0,
            0.4224275052547455
        ],
        [
            0.4224275052547455,
            0.0
        ]
    ],
    "chain_ptm": [
        0.9717298746109009,
        0.16519376635551453
    ],
    "chain_iptm": [
        0.9687167406082153,
        0.9687167406082153
    ],
    "chain_pair_iptm": [
        [
            0.0,
            0.9687167406082153
        ],
        [
            0.9687167406082153,
            0.0
        ]
    ],
    "chain_pair_iptm_global": [
        [
            0.0,
            0.9687167406082153
        ],
        [
            0.9687167406082153,
            0.0
        ]
    ],
    "chain_plddt": [
        0.9650796055793762,
        0.9348968267440796
    ],
    "chain_pair_plddt": [
        [
            0.0,
            0.9638599157333374
        ],
        [
            0.9638599157333374,
            0.0
        ]
    ],
    "has_clash": false,
    "disorder": 0.0,
    "ranking_score": 0.9694445729255676,
    "num_recycles": 10
}