{
    "plddt": 96.39093780517578,
    "gpde": 0.30719420313835144,
    "ptm": 0.9720582962036133,
    "iptm": 0.9676156044006348,
    "chain_gpde": [
        0.29928508400917053,
        0.3606095314025879
    ],
    "chain_pair_gpde": [
        [
            0.0,
            0.43208569288253784
        ],
        [
            0.43208569288253784,
            0.0
        ]
    ],
    "chain_ptm": [
        0.9714072346687317,
        0.16347987949848175
    ],
    "chain_iptm": [
        0.9676156044006348,
        0.9676156044006348
    ],
    "chain_pair_iptm": [
        [
            0.0,
            0.9676156044006348
        ],
        [
            0.9676156044006348,
            0.0
        ]
    ],
    "chain_pair_iptm_global": [
        [
            0.0,
            0.9676156044006348
        ],
        [
            0.9676156044006348,
            0.0
        ]
    ],
    "chain_plddt": [
        0.9647724628448486,
        0.9420248866081238
    ],
    "chain_pair_plddt": [
        [
            0.0,
            0.963909387588501
        ],
        [
            0.963909387588501,
            0.0
        ]
    ],
    "has_clash": false,
    "disorder": 0.0,
    "ranking_score": 0.9685041904449463,
    "num_recycles": 10
}