{
    "plddt": 96.39071655273438,
    "gpde": 0.30726706981658936,
    "ptm": 0.9720587730407715,
    "iptm": 0.9673087000846863,
    "chain_gpde": [
        0.29926592111587524,
        0.3616476356983185
    ],
    "chain_pair_gpde": [
        [
            0.0,
            0.43347030878067017
        ],
        [
            0.43347030878067017,
            0.0
        ]
    ],
    "chain_ptm": [
        0.971421480178833,
        0.16309815645217896
    ],
    "chain_iptm": [
        0.9673087000846863,
        0.9673087000846863
    ],
    "chain_pair_iptm": [
        [
            0.0,
            0.9673087000846863
        ],
        [
            0.9673087000846863,
            0.0
        ]
    ],
    "chain_pair_iptm_global": [
        [
            0.0,
            0.9673087000846863
        ],
        [
            0.9673087000846863,
            0.0
        ]
    ],
    "chain_plddt": [
        0.9647856950759888,
        0.9416310787200928
    ],
    "chain_pair_plddt": [
        [
            0.0,
            0.9639071822166443
        ],
        [
            0.9639071822166443,
            0.0
        ]
    ],
    "has_clash": false,
    "disorder": 0.0,
    "ranking_score": 0.9682587385177612,
    "num_recycles": 10
}