{
    "plddt": 96.39092254638672,
    "gpde": 0.30720284581184387,
    "ptm": 0.9720622301101685,
    "iptm": 0.9675561785697937,
    "chain_gpde": [
        0.2992720603942871,
        0.3611096441745758
    ],
    "chain_pair_gpde": [
        [
            0.0,
            0.43229490518569946
        ],
        [
            0.43229490518569946,
            0.0
        ]
    ],
    "chain_ptm": [
        0.9714139699935913,
        0.16343490779399872
    ],
    "chain_iptm": [
        0.9675561785697937,
        0.9675561785697937
    ],
    "chain_pair_iptm": [
        [
            0.0,
            0.9675561785697937
        ],
        [
            0.9675561785697937,
            0.0
        ]
    ],
    "chain_pair_iptm_global": [
        [
            0.0,
            0.9675561785697937
        ],
        [
            0.9675561785697937,
            0.0
        ]
    ],
    "chain_plddt": [
        0.9647760987281799,
        0.9419313669204712
    ],
    "chain_pair_plddt": [
        [
            0.0,
            0.9639092087745667
        ],
        [
            0.9639092087745667,
            0.0
        ]
    ],
    "has_clash": false,
    "disorder": 0.0,
    "ranking_score": 0.9684574007987976,
    "num_recycles": 10
}