{
    "plddt": 96.38860321044922,
    "gpde": 0.3072056472301483,
    "ptm": 0.9720706939697266,
    "iptm": 0.9674972295761108,
    "chain_gpde": [
        0.299273282289505,
        0.36118242144584656
    ],
    "chain_pair_gpde": [
        [
            0.0,
            0.43229737877845764
        ],
        [
            0.43229737877845764,
            0.0
        ]
    ],
    "chain_ptm": [
        0.9714328646659851,
        0.16346000134944916
    ],
    "chain_iptm": [
        0.9674972295761108,
        0.9674972295761108
    ],
    "chain_pair_iptm": [
        [
            0.0,
            0.9674972295761108
        ],
        [
            0.9674972295761108,
            0.0
        ]
    ],
    "chain_pair_iptm_global": [
        [
            0.0,
            0.9674972295761108
        ],
        [
            0.9674972295761108,
            0.0
        ]
    ],
    "chain_plddt": [
        0.9647539854049683,
        0.9418776035308838
    ],
    "chain_pair_plddt": [
        [
            0.0,
            0.963886022567749
        ],
        [
            0.963886022567749,
            0.0
        ]
    ],
    "has_clash": false,
    "disorder": 0.0,
    "ranking_score": 0.968411922454834,
    "num_recycles": 10
}