{
    "plddt": 96.38681030273438,
    "gpde": 0.3072228729724884,
    "ptm": 0.9721046686172485,
    "iptm": 0.9674159288406372,
    "chain_gpde": [
        0.29927799105644226,
        0.360973596572876
    ],
    "chain_pair_gpde": [
        [
            0.0,
            0.4326408803462982
        ],
        [
            0.4326408803462982,
            0.0
        ]
    ],
    "chain_ptm": [
        0.9714648127555847,
        0.16342778503894806
    ],
    "chain_iptm": [
        0.9674159288406372,
        0.9674159288406372
    ],
    "chain_pair_iptm": [
        [
            0.0,
            0.9674159288406372
        ],
        [
            0.9674159288406372,
            0.0
        ]
    ],
    "chain_pair_iptm_global": [
        [
            0.0,
            0.9674159288406372
        ],
        [
            0.9674159288406372,
            0.0
        ]
    ],
    "chain_plddt": [
        0.9647360444068909,
        0.9418603181838989
    ],
    "chain_pair_plddt": [
        [
            0.0,
            0.9638680815696716
        ],
        [
            0.9638680815696716,
            0.0
        ]
    ],
    "has_clash": false,
    "disorder": 0.0,
    "ranking_score": 0.9683536887168884,
    "num_recycles": 10
}