{
    "plddt": 95.38001251220703,
    "gpde": 0.3171619176864624,
    "ptm": 0.9665634036064148,
    "iptm": 0.9407665729522705,
    "chain_gpde": [
        0.3020021915435791,
        0.4350167214870453
    ],
    "chain_pair_gpde": [
        [
            0.0,
            0.5488816499710083
        ],
        [
            0.5488816499710083,
            0.0
        ]
    ],
    "chain_ptm": [
        0.9668861627578735,
        0.13507413864135742
    ],
    "chain_iptm": [
        0.9407665729522705,
        0.9407665729522705
    ],
    "chain_pair_iptm": [
        [
            0.0,
            0.9407665729522705
        ],
        [
            0.9407665729522705,
            0.0
        ]
    ],
    "chain_pair_iptm_global": [
        [
            0.0,
            0.9407665729522705
        ],
        [
            0.9407665729522705,
            0.0
        ]
    ],
    "chain_plddt": [
        0.9599199295043945,
        0.8479150533676147
    ],
    "chain_pair_plddt": [
        [
            0.0,
            0.9538001418113708
        ],
        [
            0.9538001418113708,
            0.0
        ]
    ],
    "has_clash": false,
    "disorder": 0.0,
    "ranking_score": 0.9459259510040283,
    "num_recycles": 10
}