{
    "plddt": 95.38978576660156,
    "gpde": 0.31711846590042114,
    "ptm": 0.9666285514831543,
    "iptm": 0.9420559406280518,
    "chain_gpde": [
        0.3020225763320923,
        0.43066245317459106
    ],
    "chain_pair_gpde": [
        [
            0.0,
            0.5498260855674744
        ],
        [
            0.5498260855674744,
            0.0
        ]
    ],
    "chain_ptm": [
        0.9667797684669495,
        0.13560083508491516
    ],
    "chain_iptm": [
        0.9420559406280518,
        0.9420559406280518
    ],
    "chain_pair_iptm": [
        [
            0.0,
            0.9420559406280518
        ],
        [
            0.9420559406280518,
            0.0
        ]
    ],
    "chain_pair_iptm_global": [
        [
            0.0,
            0.9420559406280518
        ],
        [
            0.9420559406280518,
            0.0
        ]
    ],
    "chain_plddt": [
        0.9597198963165283,
        0.8531641364097595
    ],
    "chain_pair_plddt": [
        [
            0.0,
            0.9538978934288025
        ],
        [
            0.9538978934288025,
            0.0
        ]
    ],
    "has_clash": false,
    "disorder": 0.0,
    "ranking_score": 0.9469704627990723,
    "num_recycles": 10
}