{
    "plddt": 95.35562133789062,
    "gpde": 0.3177485764026642,
    "ptm": 0.9664046168327332,
    "iptm": 0.9383962750434875,
    "chain_gpde": [
        0.3019934892654419,
        0.44217830896377563
    ],
    "chain_pair_gpde": [
        [
            0.0,
            0.5575652718544006
        ],
        [
            0.5575652718544006,
            0.0
        ]
    ],
    "chain_ptm": [
        0.9669582843780518,
        0.13314852118492126
    ],
    "chain_iptm": [
        0.9383962750434875,
        0.9383962750434875
    ],
    "chain_pair_iptm": [
        [
            0.0,
            0.9383962750434875
        ],
        [
            0.9383962750434875,
            0.0
        ]
    ],
    "chain_pair_iptm_global": [
        [
            0.0,
            0.9383962750434875
        ],
        [
            0.9383962750434875,
            0.0
        ]
    ],
    "chain_plddt": [
        0.9598754644393921,
        0.8442177176475525
    ],
    "chain_pair_plddt": [
        [
            0.0,
            0.9535561800003052
        ],
        [
            0.9535561800003052,
            0.0
        ]
    ],
    "has_clash": false,
    "disorder": 0.0,
    "ranking_score": 0.9439979791641235,
    "num_recycles": 10
}