{
    "plddt": 95.3761215209961,
    "gpde": 0.3171999156475067,
    "ptm": 0.9666411280632019,
    "iptm": 0.9404171109199524,
    "chain_gpde": [
        0.30196431279182434,
        0.43577098846435547
    ],
    "chain_pair_gpde": [
        [
            0.0,
            0.5500134229660034
        ],
        [
            0.5500134229660034,
            0.0
        ]
    ],
    "chain_ptm": [
        0.9669892191886902,
        0.13506200909614563
    ],
    "chain_iptm": [
        0.9404171109199524,
        0.9404171109199524
    ],
    "chain_pair_iptm": [
        [
            0.0,
            0.9404171109199524
        ],
        [
            0.9404171109199524,
            0.0
        ]
    ],
    "chain_pair_iptm_global": [
        [
            0.0,
            0.9404171109199524
        ],
        [
            0.9404171109199524,
            0.0
        ]
    ],
    "chain_plddt": [
        0.9599094986915588,
        0.8473811745643616
    ],
    "chain_pair_plddt": [
        [
            0.0,
            0.9537612199783325
        ],
        [
            0.9537612199783325,
            0.0
        ]
    ],
    "has_clash": false,
    "disorder": 0.0,
    "ranking_score": 0.9456619024276733,
    "num_recycles": 10
}