{
    "plddt": 95.36402130126953,
    "gpde": 0.3180221617221832,
    "ptm": 0.9662913084030151,
    "iptm": 0.9364839792251587,
    "chain_gpde": [
        0.30199968814849854,
        0.4458390772342682
    ],
    "chain_pair_gpde": [
        [
            0.0,
            0.5612520575523376
        ],
        [
            0.5612520575523376,
            0.0
        ]
    ],
    "chain_ptm": [
        0.9669731259346008,
        0.13282908499240875
    ],
    "chain_iptm": [
        0.9364839792251587,
        0.9364839792251587
    ],
    "chain_pair_iptm": [
        [
            0.0,
            0.9364839792251587
        ],
        [
            0.9364839792251587,
            0.0
        ]
    ],
    "chain_pair_iptm_global": [
        [
            0.0,
            0.9364839792251587
        ],
        [
            0.9364839792251587,
            0.0
        ]
    ],
    "chain_plddt": [
        0.9599489569664001,
        0.8444864749908447
    ],
    "chain_pair_plddt": [
        [
            0.0,
            0.9536402225494385
        ],
        [
            0.9536402225494385,
            0.0
        ]
    ],
    "has_clash": false,
    "disorder": 0.0,
    "ranking_score": 0.9424454569816589,
    "num_recycles": 10
}